valuation_date,method,holdings_date,inav,market_close,premium_bp,official_nav,shares_out,shares_source,run_ts
2026-07-16,backfill,2026-10-07,704.9037392041317,705.9400024414062,14.700776569074314,,669383117.8158178,nav,2026-10-09T02:38:16+00:00
2026-07-17,backfill,2026-10-07,694.0537070015235,695.3300170898438,18.389212181204595,,669383117.8158178,nav,2026-10-09T02:38:16+00:00
2026-07-20,backfill,2026-10-07,694.1274551729348,696.0599975585938,27.841318928631953,,669383117.8158178,nav,2026-10-09T02:38:16+00:00
2026-07-21,backfill,2026-10-07,707.7469265814005,708.969970703125,17.280811484863268,,669383117.8158178,nav,2026-10-09T02:38:16+00:00
2026-07-22,backfill,2026-10-07,703.3418498750107,705.3499755859375,28.551204670725916,,669383117.8158178,nav,2026-10-09T02:38:16+00:00
2026-07-23,backfill,2026-10-07,690.401559585692,691.9600219726562,22.573274427415413,,669383117.8158178,nav,2026-10-09T02:38:16+00:00
2026-07-24,backfill,2026-10-07,682.1784162802682,684.22998046875,30.073718832508423,,669383117.8158178,nav,2026-10-09T02:38:16+00:00
2026-07-27,backfill,2026-10-07,679.9038394696465,682.1199951171875,32.5951335893282,,669383117.8158178,nav,2026-10-09T02:38:16+00:00
2026-07-28,backfill,2026-10-07,673.3161231123569,675.489990234375,32.28598049857423,,669383117.8158178,nav,2026-10-09T02:38:16+00:00
2026-07-29,backfill,2026-10-07,659.2719871053207,661.72998046875,37.283449191003456,,669383117.8158178,nav,2026-10-09T02:38:16+00:00
2026-07-30,backfill,2026-10-07,681.3784689281912,683.5499877929688,31.869496378325035,,669383117.8158178,nav,2026-10-09T02:38:16+00:00
2026-07-31,backfill,2026-10-07,685.1346955294008,687.989990234375,41.67493959370994,,669383117.8158178,nav,2026-10-09T02:38:16+00:00
2026-08-03,backfill,2026-10-07,697.6874125095893,700.0700073242188,34.14988964842047,,669383117.8158178,nav,2026-10-09T02:38:16+00:00
2026-08-04,backfill,2026-10-07,721.5020886623794,723.8499755859375,32.54165109779494,,669383117.8158178,nav,2026-10-09T02:38:16+00:00
2026-08-05,backfill,2026-10-07,714.3218114377521,717.2999877929688,41.692362007290654,,669383117.8158178,nav,2026-10-09T02:38:16+00:00
2026-08-06,backfill,2026-10-07,712.0089321722345,714.6500244140625,37.09352681532163,,669383117.8158178,nav,2026-10-09T02:38:16+00:00
2026-08-07,backfill,2026-10-07,721.6651245392092,723.030029296875,18.91327031408485,,669383117.8158178,nav,2026-10-09T02:38:16+00:00
2026-08-10,backfill,2026-10-07,719.637268760418,720.8699951171875,17.129829294317833,,669383117.8158178,nav,2026-10-09T02:38:16+00:00
2026-08-11,backfill,2026-10-07,716.9411592800482,718.4500122070312,21.045700995856453,,669383117.8158178,nav,2026-10-09T02:38:16+00:00
2026-08-12,backfill,2026-10-07,723.1181380371919,723.7000122070312,8.046737306559582,,669383117.8158178,nav,2026-10-09T02:38:16+00:00
2026-08-13,backfill,2026-10-07,730.9111137799174,732.0700073242188,15.855464808958164,,669383117.8158178,nav,2026-10-09T02:38:16+00:00
2026-08-14,backfill,2026-10-07,729.9042829192787,731.0700073242188,15.97092156080615,,669383117.8158178,nav,2026-10-09T02:38:16+00:00
2026-08-17,backfill,2026-10-07,729.2250920582599,729.8699951171875,8.843676197529682,,669383117.8158178,nav,2026-10-09T02:38:16+00:00
2026-08-18,backfill,2026-10-07,716.7782164676379,717.510009765625,10.209480159615314,,669383117.8158178,nav,2026-10-09T02:38:16+00:00
2026-08-19,backfill,2026-10-07,714.8652613816919,716.0800170898438,16.9927925411284,,669383117.8158178,nav,2026-10-09T02:38:16+00:00
2026-08-20,backfill,2026-10-07,709.418373694831,710.9299926757812,21.307863413198014,,669383117.8158178,nav,2026-10-09T02:38:16+00:00
2026-08-21,backfill,2026-10-07,711.9294540334819,713.4400024414062,21.217669803745842,,669383117.8158178,nav,2026-10-09T02:38:16+00:00
2026-08-24,backfill,2026-10-07,704.8635926632659,706.3200073242188,20.662361854297817,,669383117.8158178,nav,2026-10-09T02:38:16+00:00
2026-08-25,backfill,2026-10-07,709.5540631419252,710.719970703125,16.43155358785675,,669383117.8158178,nav,2026-10-09T02:38:16+00:00
2026-08-26,backfill,2026-10-07,710.0965816242052,711.3699951171875,17.93296188061566,,669383117.8158178,nav,2026-10-09T02:38:16+00:00
2026-08-27,backfill,2026-10-07,720.173295339164,721.1099853515625,13.006453008748142,,669383117.8158178,nav,2026-10-09T02:38:16+00:00
2026-08-28,backfill,2026-10-07,715.1664548527189,716.4299926757812,17.667744543787833,,669383117.8158178,nav,2026-10-09T02:38:16+00:00
2026-08-31,backfill,2026-10-07,715.9677465479338,716.760009765625,11.06562720892379,,669383117.8158178,nav,2026-10-09T02:38:16+00:00
2026-09-01,backfill,2026-10-07,706.7320470447297,707.6400146484375,12.847409531018261,,669383117.8158178,nav,2026-10-09T02:38:16+00:00
2026-09-02,backfill,2026-10-07,708.1679479590819,709.239990234375,15.138249032347062,,669383117.8158178,nav,2026-10-09T02:38:16+00:00
2026-09-03,backfill,2026-10-07,717.0309849024337,717.6699829101562,8.911720988034055,,669383117.8158178,nav,2026-10-09T02:38:16+00:00
2026-09-04,backfill,2026-10-07,718.4346953928803,718.9600219726562,7.3120992505626425,,669383117.8158178,nav,2026-10-09T02:38:16+00:00
2026-09-08,backfill,2026-10-07,718.1765392057688,718.3599853515625,2.5543321979948352,,669383117.8158178,nav,2026-10-09T02:38:16+00:00
2026-09-09,backfill,2026-10-07,715.7371444489603,716.3099975585938,8.003680039192496,,669383117.8158178,nav,2026-10-09T02:38:16+00:00
2026-09-10,backfill,2026-10-07,708.0732267111365,708.6900024414062,8.710620695751015,,669383117.8158178,nav,2026-10-09T02:38:16+00:00
2026-09-11,backfill,2026-10-07,714.6339818762343,714.8800048828125,3.442643546451851,,669383117.8158178,nav,2026-10-09T02:38:16+00:00
2026-09-14,backfill,2026-10-07,708.5407686039736,709.1799926757812,9.02169783493445,,669383117.8158178,nav,2026-10-09T02:38:16+00:00
2026-09-15,backfill,2026-10-07,703.6835444989998,704.5399780273438,12.170719850408407,,669383117.8158178,nav,2026-10-09T02:38:16+00:00
2026-09-16,backfill,2026-10-07,704.4679994223359,704.719970703125,3.576759781789285,,669383117.8158178,nav,2026-10-09T02:38:16+00:00
2026-09-17,backfill,2026-10-07,716.7939544347678,716.9199829101562,1.758224586141388,,669383117.8158178,nav,2026-10-09T02:38:16+00:00
2026-09-18,backfill,2026-10-07,721.4264556115565,721.4500122070312,0.3265280236330881,,669383117.8158178,nav,2026-10-09T02:38:16+00:00
2026-09-21,backfill,2026-10-07,741.5321437426079,741.469970703125,-0.838440248444039,,669383117.8158178,nav,2026-10-09T02:38:16+00:00
2026-09-22,backfill,2026-10-07,747.5970295062288,747.4600219726562,-1.832638816970933,,669383117.8158178,nav,2026-10-09T02:38:16+00:00
2026-09-23,backfill,2026-10-07,741.2424800216825,741.2100219726562,-0.43788705991643084,,669383117.8158178,nav,2026-10-09T02:38:16+00:00
2026-09-24,backfill,2026-10-07,741.4439583185006,741.0999755859375,-4.639362539863301,,669383117.8158178,nav,2026-10-09T02:38:16+00:00
2026-09-25,backfill,2026-10-07,744.5802624586114,744.5,-1.0779557645856919,,669383117.8158178,nav,2026-10-09T02:38:16+00:00
2026-09-28,backfill,2026-10-07,736.5366857312391,736.530029296875,-0.09037478367446283,,669383117.8158178,nav,2026-10-09T02:38:16+00:00
2026-09-29,backfill,2026-10-07,738.0577130003297,737.9299926757812,-1.7304923761218838,,669383117.8158178,nav,2026-10-09T02:38:16+00:00
2026-09-30,backfill,2026-10-07,739.7283985713146,739.77001953125,0.562651914077783,,669383117.8158178,nav,2026-10-09T02:38:16+00:00
2026-10-01,backfill,2026-10-07,741.9865545186083,742.030029296875,0.5859240710215374,,669383117.8158178,nav,2026-10-09T02:38:16+00:00
2026-10-02,backfill,2026-10-07,749.421233334976,749.5800170898438,2.1187517487475382,,669383117.8158178,nav,2026-10-09T02:38:16+00:00
2026-10-05,backfill,2026-10-07,755.9358273395459,756.2000122070312,3.4948054838879195,,669383117.8158178,nav,2026-10-09T02:38:16+00:00
2026-10-06,backfill,2026-10-07,759.5276799076319,759.6599731445312,1.7417829580024247,,669383117.8158178,nav,2026-10-09T02:38:16+00:00
2026-10-07,backfill,2026-10-07,757.96,757.72998046875,-3.0347186032253504,757.96,669383117.8158178,nav,2026-10-09T02:38:16+00:00
2026-10-07,daily,2026-10-07,757.96,757.72998046875,-3.0347186032253504,757.96,669383117.8158178,nav,2026-10-09T02:39:23+00:00
2026-10-08,backfill,2026-10-07,747.4225665815197,747.5800170898438,2.1065795356456363,,669383117.8158178,nav,2026-10-09T02:38:16+00:00
2026-10-08,daily,2026-10-08,747.5800170898438,747.5800170898438,0.0,,669675896.2570047,close,2026-10-10T01:52:53+00:00
2026-10-09,daily,2026-10-08,751.0563172060118,751.27001953125,2.8453568706154897,,669675896.2570047,close,2026-10-10T01:52:53+00:00
