valuation_date,holdings_date,method,inav,market_close,premium_bp,official_nav,nav_error_bp,shares_out,shares_out_source,coverage_pct,run_ts
2026-07-16,2026-10-07,backfill,704.9037392041319,705.9400024414062,14.700776569072094,,,669383117.8158177,nav,100.0,2026-10-09T02:24:10+00:00
2026-07-17,2026-10-07,backfill,694.0537070015237,695.3300170898438,18.389212181202375,,,669383117.8158177,nav,100.0,2026-10-09T02:24:10+00:00
2026-07-20,2026-10-07,backfill,694.1274551729349,696.0599975585938,27.841318928629732,,,669383117.8158177,nav,100.0,2026-10-09T02:24:10+00:00
2026-07-21,2026-10-07,backfill,707.7469265814009,708.969970703125,17.280811484858827,,,669383117.8158177,nav,100.0,2026-10-09T02:24:10+00:00
2026-07-22,2026-10-07,backfill,703.3418498750106,705.3499755859375,28.551204670728136,,,669383117.8158177,nav,100.0,2026-10-09T02:24:10+00:00
2026-07-23,2026-10-07,backfill,690.4015595856923,691.9600219726562,22.57327442740875,,,669383117.8158177,nav,100.0,2026-10-09T02:24:10+00:00
2026-07-24,2026-10-07,backfill,682.1784162802686,684.22998046875,30.07371883250176,,,669383117.8158177,nav,100.0,2026-10-09T02:24:10+00:00
2026-07-27,2026-10-07,backfill,679.9038394696466,682.1199951171875,32.595133589325975,,,669383117.8158177,nav,100.0,2026-10-09T02:24:10+00:00
2026-07-28,2026-10-07,backfill,673.316123112357,675.489990234375,32.28598049857201,,,669383117.8158177,nav,100.0,2026-10-09T02:24:10+00:00
2026-07-29,2026-10-07,backfill,659.2719871053212,661.72998046875,37.2834491909968,,,669383117.8158177,nav,100.0,2026-10-09T02:24:10+00:00
2026-07-30,2026-10-07,backfill,681.378468928191,683.5499877929688,31.869496378329476,,,669383117.8158177,nav,100.0,2026-10-09T02:24:10+00:00
2026-07-31,2026-10-07,backfill,685.1346955294009,687.989990234375,41.67493959370772,,,669383117.8158177,nav,100.0,2026-10-09T02:24:10+00:00
2026-08-03,2026-10-07,backfill,697.6874125095898,700.0700073242188,34.14988964841381,,,669383117.8158177,nav,100.0,2026-10-09T02:24:10+00:00
2026-08-04,2026-10-07,backfill,721.5020886623793,723.8499755859375,32.541651097797164,,,669383117.8158177,nav,100.0,2026-10-09T02:24:10+00:00
2026-08-05,2026-10-07,backfill,714.3218114377526,717.2999877929688,41.69236200728399,,,669383117.8158177,nav,100.0,2026-10-09T02:24:10+00:00
2026-08-06,2026-10-07,backfill,712.0089321722345,714.6500244140625,37.09352681532163,,,669383117.8158177,nav,100.0,2026-10-09T02:24:10+00:00
2026-08-07,2026-10-07,backfill,721.6651245392095,723.030029296875,18.91327031408041,,,669383117.8158177,nav,100.0,2026-10-09T02:24:10+00:00
2026-08-10,2026-10-07,backfill,719.637268760418,720.8699951171875,17.129829294317833,,,669383117.8158177,nav,100.0,2026-10-09T02:24:10+00:00
2026-08-11,2026-10-07,backfill,716.9411592800483,718.4500122070312,21.045700995854233,,,669383117.8158177,nav,100.0,2026-10-09T02:24:10+00:00
2026-08-12,2026-10-07,backfill,723.118138037192,723.7000122070312,8.046737306557361,,,669383117.8158177,nav,100.0,2026-10-09T02:24:10+00:00
2026-08-13,2026-10-07,backfill,730.9111137799175,732.0700073242188,15.855464808955944,,,669383117.8158177,nav,100.0,2026-10-09T02:24:10+00:00
2026-08-14,2026-10-07,backfill,729.9042829192789,731.0700073242188,15.97092156080393,,,669383117.8158177,nav,100.0,2026-10-09T02:24:10+00:00
2026-08-17,2026-10-07,backfill,729.2250920582597,729.8699951171875,8.843676197529682,,,669383117.8158177,nav,100.0,2026-10-09T02:24:10+00:00
2026-08-18,2026-10-07,backfill,716.7782164676385,717.510009765625,10.209480159608653,,,669383117.8158177,nav,100.0,2026-10-09T02:24:10+00:00
2026-08-19,2026-10-07,backfill,714.8652613816919,716.0800170898438,16.9927925411284,,,669383117.8158177,nav,100.0,2026-10-09T02:24:10+00:00
2026-08-20,2026-10-07,backfill,709.4183736948307,710.9299926757812,21.307863413202455,,,669383117.8158177,nav,100.0,2026-10-09T02:24:10+00:00
2026-08-21,2026-10-07,backfill,711.929454033482,713.4400024414062,21.21766980374362,,,669383117.8158177,nav,100.0,2026-10-09T02:24:10+00:00
2026-08-24,2026-10-07,backfill,704.8635926632658,706.3200073242188,20.662361854300038,,,669383117.8158177,nav,100.0,2026-10-09T02:24:10+00:00
2026-08-25,2026-10-07,backfill,709.5540631419257,710.719970703125,16.43155358785009,,,669383117.8158177,nav,100.0,2026-10-09T02:24:10+00:00
2026-08-26,2026-10-07,backfill,710.096581624205,711.3699951171875,17.932961880620102,,,669383117.8158177,nav,100.0,2026-10-09T02:24:10+00:00
2026-08-27,2026-10-07,backfill,720.1732953391644,721.1099853515625,13.006453008743701,,,669383117.8158177,nav,100.0,2026-10-09T02:24:10+00:00
2026-08-28,2026-10-07,backfill,715.1664548527192,716.4299926757812,17.667744543783392,,,669383117.8158177,nav,100.0,2026-10-09T02:24:10+00:00
2026-08-31,2026-10-07,backfill,715.9677465479338,716.760009765625,11.06562720892379,,,669383117.8158177,nav,100.0,2026-10-09T02:24:10+00:00
2026-09-01,2026-10-07,backfill,706.73204704473,707.6400146484375,12.8474095310116,,,669383117.8158177,nav,100.0,2026-10-09T02:24:10+00:00
2026-09-02,2026-10-07,backfill,708.1679479590816,709.239990234375,15.138249032351503,,,669383117.8158177,nav,100.0,2026-10-09T02:24:10+00:00
2026-09-03,2026-10-07,backfill,717.0309849024339,717.6699829101562,8.911720988029614,,,669383117.8158177,nav,100.0,2026-10-09T02:24:10+00:00
2026-09-04,2026-10-07,backfill,718.4346953928803,718.9600219726562,7.3120992505626425,,,669383117.8158177,nav,100.0,2026-10-09T02:24:10+00:00
2026-09-08,2026-10-07,backfill,718.1765392057692,718.3599853515625,2.554332197988174,,,669383117.8158177,nav,100.0,2026-10-09T02:24:10+00:00
2026-09-09,2026-10-07,backfill,715.7371444489605,716.3099975585938,8.003680039188055,,,669383117.8158177,nav,100.0,2026-10-09T02:24:10+00:00
2026-09-10,2026-10-07,backfill,708.0732267111367,708.6900024414062,8.710620695748794,,,669383117.8158177,nav,100.0,2026-10-09T02:24:10+00:00
2026-09-11,2026-10-07,backfill,714.6339818762345,714.8800048828125,3.4426435464496308,,,669383117.8158177,nav,100.0,2026-10-09T02:24:10+00:00
2026-09-14,2026-10-07,backfill,708.5407686039737,709.1799926757812,9.02169783493223,,,669383117.8158177,nav,100.0,2026-10-09T02:24:10+00:00
2026-09-15,2026-10-07,backfill,703.6835444989997,704.5399780273438,12.170719850408407,,,669383117.8158177,nav,100.0,2026-10-09T02:24:10+00:00
2026-09-16,2026-10-07,backfill,704.467999422336,704.719970703125,3.5767597817870644,,,669383117.8158177,nav,100.0,2026-10-09T02:24:10+00:00
2026-09-17,2026-10-07,backfill,716.793954434768,716.9199829101562,1.7582245861391677,,,669383117.8158177,nav,100.0,2026-10-09T02:24:10+00:00
2026-09-18,2026-10-07,backfill,721.4264556115563,721.4500122070312,0.32652802363530853,,,669383117.8158177,nav,100.0,2026-10-09T02:24:10+00:00
2026-09-21,2026-10-07,backfill,741.532143742608,741.469970703125,-0.8384402484462594,,,669383117.8158177,nav,100.0,2026-10-09T02:24:10+00:00
2026-09-22,2026-10-07,backfill,747.5970295062291,747.4600219726562,-1.8326388169753738,,,669383117.8158177,nav,100.0,2026-10-09T02:24:10+00:00
2026-09-23,2026-10-07,backfill,741.2424800216825,741.2100219726562,-0.43788705991643084,,,669383117.8158177,nav,100.0,2026-10-09T02:24:10+00:00
2026-09-24,2026-10-07,backfill,741.4439583185007,741.0999755859375,-4.639362539864411,,,669383117.8158177,nav,100.0,2026-10-09T02:24:10+00:00
2026-09-25,2026-10-07,backfill,744.5802624586115,744.5,-1.077955764586802,,,669383117.8158177,nav,100.0,2026-10-09T02:24:10+00:00
2026-09-28,2026-10-07,backfill,736.5366857312395,736.530029296875,-0.09037478367890373,,,669383117.8158177,nav,100.0,2026-10-09T02:24:10+00:00
2026-09-29,2026-10-07,backfill,738.0577130003298,737.9299926757812,-1.730492376122994,,,669383117.8158177,nav,100.0,2026-10-09T02:24:10+00:00
2026-09-30,2026-10-07,backfill,739.728398571315,739.77001953125,0.5626519140733421,,,669383117.8158177,nav,100.0,2026-10-09T02:24:10+00:00
2026-10-01,2026-10-07,backfill,741.9865545186084,742.030029296875,0.5859240710215374,,,669383117.8158177,nav,100.0,2026-10-09T02:24:10+00:00
2026-10-02,2026-10-07,backfill,749.4212333349766,749.5800170898438,2.118751748740877,,,669383117.8158177,nav,100.0,2026-10-09T02:24:10+00:00
2026-10-05,2026-10-07,backfill,755.935827339546,756.2000122070312,3.494805483885699,,,669383117.8158177,nav,100.0,2026-10-09T02:24:10+00:00
2026-10-06,2026-10-07,backfill,759.5276799076322,759.6599731445312,1.7417829579979838,,,669383117.8158177,nav,100.0,2026-10-09T02:24:10+00:00
2026-10-07,2026-10-07,backfill,757.96,757.72998046875,-3.0347186032253504,757.96,,669383117.8158177,nav,100.0,2026-10-09T02:24:10+00:00
2026-10-07,2026-10-07,daily,757.96,757.72998046875,-3.0347186032253504,757.96,,669383117.8158177,nav,100.0,2026-10-09T02:27:15+00:00
2026-10-08,2026-10-07,backfill,747.4225665815198,747.5800170898438,2.106579535643416,,,669383117.8158177,nav,100.0,2026-10-09T02:24:10+00:00
2026-10-08,2026-10-07,daily,747.4225665815198,747.5800170898438,2.106579535643416,,,669383117.8158177,nav,100.0,2026-10-09T02:27:15+00:00
